--
-- PostgreSQL database dump
--

-- Dumped from database version 12.0
-- Dumped by pg_dump version 12.0

SET statement_timeout = 0;
SET lock_timeout = 0;
SET idle_in_transaction_session_timeout = 0;
SET client_encoding = 'UTF8';
SET standard_conforming_strings = on;
SELECT pg_catalog.set_config('search_path', '', false);
SET check_function_bodies = false;
SET xmloption = content;
SET client_min_messages = warning;
SET row_security = off;

SET default_tablespace = '';

SET default_table_access_method = heap;

--
-- Name: auth_group; Type: TABLE; Schema: public; Owner: -
--

CREATE TABLE public.auth_group (
    id integer NOT NULL,
    name character varying(150) NOT NULL
);


--
-- Name: auth_group_id_seq; Type: SEQUENCE; Schema: public; Owner: -
--

CREATE SEQUENCE public.auth_group_id_seq
    AS integer
    START WITH 1
    INCREMENT BY 1
    NO MINVALUE
    NO MAXVALUE
    CACHE 1;


--
-- Name: auth_group_id_seq; Type: SEQUENCE OWNED BY; Schema: public; Owner: -
--

ALTER SEQUENCE public.auth_group_id_seq OWNED BY public.auth_group.id;


--
-- Name: auth_group_permissions; Type: TABLE; Schema: public; Owner: -
--

CREATE TABLE public.auth_group_permissions (
    id integer NOT NULL,
    group_id integer NOT NULL,
    permission_id integer NOT NULL
);


--
-- Name: auth_group_permissions_id_seq; Type: SEQUENCE; Schema: public; Owner: -
--

CREATE SEQUENCE public.auth_group_permissions_id_seq
    AS integer
    START WITH 1
    INCREMENT BY 1
    NO MINVALUE
    NO MAXVALUE
    CACHE 1;


--
-- Name: auth_group_permissions_id_seq; Type: SEQUENCE OWNED BY; Schema: public; Owner: -
--

ALTER SEQUENCE public.auth_group_permissions_id_seq OWNED BY public.auth_group_permissions.id;


--
-- Name: auth_permission; Type: TABLE; Schema: public; Owner: -
--

CREATE TABLE public.auth_permission (
    id integer NOT NULL,
    name character varying(255) NOT NULL,
    content_type_id integer NOT NULL,
    codename character varying(100) NOT NULL
);


--
-- Name: auth_permission_id_seq; Type: SEQUENCE; Schema: public; Owner: -
--

CREATE SEQUENCE public.auth_permission_id_seq
    AS integer
    START WITH 1
    INCREMENT BY 1
    NO MINVALUE
    NO MAXVALUE
    CACHE 1;


--
-- Name: auth_permission_id_seq; Type: SEQUENCE OWNED BY; Schema: public; Owner: -
--

ALTER SEQUENCE public.auth_permission_id_seq OWNED BY public.auth_permission.id;


--
-- Name: auth_user; Type: TABLE; Schema: public; Owner: -
--

CREATE TABLE public.auth_user (
    id integer NOT NULL,
    password character varying(128) NOT NULL,
    last_login timestamp with time zone,
    is_superuser boolean NOT NULL,
    username character varying(150) NOT NULL,
    first_name character varying(30) NOT NULL,
    last_name character varying(150) NOT NULL,
    email character varying(254) NOT NULL,
    is_staff boolean NOT NULL,
    is_active boolean NOT NULL,
    date_joined timestamp with time zone NOT NULL
);


--
-- Name: auth_user_groups; Type: TABLE; Schema: public; Owner: -
--

CREATE TABLE public.auth_user_groups (
    id integer NOT NULL,
    user_id integer NOT NULL,
    group_id integer NOT NULL
);


--
-- Name: auth_user_groups_id_seq; Type: SEQUENCE; Schema: public; Owner: -
--

CREATE SEQUENCE public.auth_user_groups_id_seq
    AS integer
    START WITH 1
    INCREMENT BY 1
    NO MINVALUE
    NO MAXVALUE
    CACHE 1;


--
-- Name: auth_user_groups_id_seq; Type: SEQUENCE OWNED BY; Schema: public; Owner: -
--

ALTER SEQUENCE public.auth_user_groups_id_seq OWNED BY public.auth_user_groups.id;


--
-- Name: auth_user_id_seq; Type: SEQUENCE; Schema: public; Owner: -
--

CREATE SEQUENCE public.auth_user_id_seq
    AS integer
    START WITH 1
    INCREMENT BY 1
    NO MINVALUE
    NO MAXVALUE
    CACHE 1;


--
-- Name: auth_user_id_seq; Type: SEQUENCE OWNED BY; Schema: public; Owner: -
--

ALTER SEQUENCE public.auth_user_id_seq OWNED BY public.auth_user.id;


--
-- Name: auth_user_user_permissions; Type: TABLE; Schema: public; Owner: -
--

CREATE TABLE public.auth_user_user_permissions (
    id integer NOT NULL,
    user_id integer NOT NULL,
    permission_id integer NOT NULL
);


--
-- Name: auth_user_user_permissions_id_seq; Type: SEQUENCE; Schema: public; Owner: -
--

CREATE SEQUENCE public.auth_user_user_permissions_id_seq
    AS integer
    START WITH 1
    INCREMENT BY 1
    NO MINVALUE
    NO MAXVALUE
    CACHE 1;


--
-- Name: auth_user_user_permissions_id_seq; Type: SEQUENCE OWNED BY; Schema: public; Owner: -
--

ALTER SEQUENCE public.auth_user_user_permissions_id_seq OWNED BY public.auth_user_user_permissions.id;


--
-- Name: contacts_contact; Type: TABLE; Schema: public; Owner: -
--

CREATE TABLE public.contacts_contact (
    id integer NOT NULL,
    listing character varying(200) NOT NULL,
    listing_id integer NOT NULL,
    name character varying(200) NOT NULL,
    email character varying(100) NOT NULL,
    phone character varying(18) NOT NULL,
    message character varying(500) NOT NULL,
    contact_date timestamp with time zone NOT NULL,
    user_id integer NOT NULL
);


--
-- Name: contacts_contact_id_seq; Type: SEQUENCE; Schema: public; Owner: -
--

CREATE SEQUENCE public.contacts_contact_id_seq
    AS integer
    START WITH 1
    INCREMENT BY 1
    NO MINVALUE
    NO MAXVALUE
    CACHE 1;


--
-- Name: contacts_contact_id_seq; Type: SEQUENCE OWNED BY; Schema: public; Owner: -
--

ALTER SEQUENCE public.contacts_contact_id_seq OWNED BY public.contacts_contact.id;


--
-- Name: django_admin_log; Type: TABLE; Schema: public; Owner: -
--

CREATE TABLE public.django_admin_log (
    id integer NOT NULL,
    action_time timestamp with time zone NOT NULL,
    object_id text,
    object_repr character varying(200) NOT NULL,
    action_flag smallint NOT NULL,
    change_message text NOT NULL,
    content_type_id integer,
    user_id integer NOT NULL,
    CONSTRAINT django_admin_log_action_flag_check CHECK ((action_flag >= 0))
);


--
-- Name: django_admin_log_id_seq; Type: SEQUENCE; Schema: public; Owner: -
--

CREATE SEQUENCE public.django_admin_log_id_seq
    AS integer
    START WITH 1
    INCREMENT BY 1
    NO MINVALUE
    NO MAXVALUE
    CACHE 1;


--
-- Name: django_admin_log_id_seq; Type: SEQUENCE OWNED BY; Schema: public; Owner: -
--

ALTER SEQUENCE public.django_admin_log_id_seq OWNED BY public.django_admin_log.id;


--
-- Name: django_content_type; Type: TABLE; Schema: public; Owner: -
--

CREATE TABLE public.django_content_type (
    id integer NOT NULL,
    app_label character varying(100) NOT NULL,
    model character varying(100) NOT NULL
);


--
-- Name: django_content_type_id_seq; Type: SEQUENCE; Schema: public; Owner: -
--

CREATE SEQUENCE public.django_content_type_id_seq
    AS integer
    START WITH 1
    INCREMENT BY 1
    NO MINVALUE
    NO MAXVALUE
    CACHE 1;


--
-- Name: django_content_type_id_seq; Type: SEQUENCE OWNED BY; Schema: public; Owner: -
--

ALTER SEQUENCE public.django_content_type_id_seq OWNED BY public.django_content_type.id;


--
-- Name: django_migrations; Type: TABLE; Schema: public; Owner: -
--

CREATE TABLE public.django_migrations (
    id integer NOT NULL,
    app character varying(255) NOT NULL,
    name character varying(255) NOT NULL,
    applied timestamp with time zone NOT NULL
);


--
-- Name: django_migrations_id_seq; Type: SEQUENCE; Schema: public; Owner: -
--

CREATE SEQUENCE public.django_migrations_id_seq
    AS integer
    START WITH 1
    INCREMENT BY 1
    NO MINVALUE
    NO MAXVALUE
    CACHE 1;


--
-- Name: django_migrations_id_seq; Type: SEQUENCE OWNED BY; Schema: public; Owner: -
--

ALTER SEQUENCE public.django_migrations_id_seq OWNED BY public.django_migrations.id;


--
-- Name: django_session; Type: TABLE; Schema: public; Owner: -
--

CREATE TABLE public.django_session (
    session_key character varying(40) NOT NULL,
    session_data text NOT NULL,
    expire_date timestamp with time zone NOT NULL
);


--
-- Name: listings_listing; Type: TABLE; Schema: public; Owner: -
--

CREATE TABLE public.listings_listing (
    id integer NOT NULL,
    title character varying(200) NOT NULL,
    address character varying(200) NOT NULL,
    city character varying(200) NOT NULL,
    zipcode character varying(20) NOT NULL,
    description text NOT NULL,
    price integer NOT NULL,
    bedrooms integer NOT NULL,
    bathrooms numeric(3,1) NOT NULL,
    garage integer NOT NULL,
    sqft integer NOT NULL,
    lot_size numeric(6,1) NOT NULL,
    is_published boolean NOT NULL,
    list_date date NOT NULL,
    photo_main character varying(100) NOT NULL,
    photo_1 character varying(100) NOT NULL,
    photo_2 character varying(100) NOT NULL,
    photo_3 character varying(100) NOT NULL,
    photo_4 character varying(100) NOT NULL,
    photo_5 character varying(100) NOT NULL,
    photo_6 character varying(100) NOT NULL,
    realtor_id integer NOT NULL,
    state character varying(200) NOT NULL
);


--
-- Name: listings_listing_id_seq; Type: SEQUENCE; Schema: public; Owner: -
--

CREATE SEQUENCE public.listings_listing_id_seq
    AS integer
    START WITH 1
    INCREMENT BY 1
    NO MINVALUE
    NO MAXVALUE
    CACHE 1;


--
-- Name: listings_listing_id_seq; Type: SEQUENCE OWNED BY; Schema: public; Owner: -
--

ALTER SEQUENCE public.listings_listing_id_seq OWNED BY public.listings_listing.id;


--
-- Name: realtors_realtor; Type: TABLE; Schema: public; Owner: -
--

CREATE TABLE public.realtors_realtor (
    id integer NOT NULL,
    name character varying(200) NOT NULL,
    photo character varying(100) NOT NULL,
    description text NOT NULL,
    phone character varying(20) NOT NULL,
    email character varying(50) NOT NULL,
    is_mvp boolean NOT NULL,
    hire_date timestamp with time zone NOT NULL
);


--
-- Name: realtors_realtor_id_seq; Type: SEQUENCE; Schema: public; Owner: -
--

CREATE SEQUENCE public.realtors_realtor_id_seq
    AS integer
    START WITH 1
    INCREMENT BY 1
    NO MINVALUE
    NO MAXVALUE
    CACHE 1;


--
-- Name: realtors_realtor_id_seq; Type: SEQUENCE OWNED BY; Schema: public; Owner: -
--

ALTER SEQUENCE public.realtors_realtor_id_seq OWNED BY public.realtors_realtor.id;


--
-- Name: auth_group id; Type: DEFAULT; Schema: public; Owner: -
--

ALTER TABLE ONLY public.auth_group ALTER COLUMN id SET DEFAULT nextval('public.auth_group_id_seq'::regclass);


--
-- Name: auth_group_permissions id; Type: DEFAULT; Schema: public; Owner: -
--

ALTER TABLE ONLY public.auth_group_permissions ALTER COLUMN id SET DEFAULT nextval('public.auth_group_permissions_id_seq'::regclass);


--
-- Name: auth_permission id; Type: DEFAULT; Schema: public; Owner: -
--

ALTER TABLE ONLY public.auth_permission ALTER COLUMN id SET DEFAULT nextval('public.auth_permission_id_seq'::regclass);


--
-- Name: auth_user id; Type: DEFAULT; Schema: public; Owner: -
--

ALTER TABLE ONLY public.auth_user ALTER COLUMN id SET DEFAULT nextval('public.auth_user_id_seq'::regclass);


--
-- Name: auth_user_groups id; Type: DEFAULT; Schema: public; Owner: -
--

ALTER TABLE ONLY public.auth_user_groups ALTER COLUMN id SET DEFAULT nextval('public.auth_user_groups_id_seq'::regclass);


--
-- Name: auth_user_user_permissions id; Type: DEFAULT; Schema: public; Owner: -
--

ALTER TABLE ONLY public.auth_user_user_permissions ALTER COLUMN id SET DEFAULT nextval('public.auth_user_user_permissions_id_seq'::regclass);


--
-- Name: contacts_contact id; Type: DEFAULT; Schema: public; Owner: -
--

ALTER TABLE ONLY public.contacts_contact ALTER COLUMN id SET DEFAULT nextval('public.contacts_contact_id_seq'::regclass);


--
-- Name: django_admin_log id; Type: DEFAULT; Schema: public; Owner: -
--

ALTER TABLE ONLY public.django_admin_log ALTER COLUMN id SET DEFAULT nextval('public.django_admin_log_id_seq'::regclass);


--
-- Name: django_content_type id; Type: DEFAULT; Schema: public; Owner: -
--

ALTER TABLE ONLY public.django_content_type ALTER COLUMN id SET DEFAULT nextval('public.django_content_type_id_seq'::regclass);


--
-- Name: django_migrations id; Type: DEFAULT; Schema: public; Owner: -
--

ALTER TABLE ONLY public.django_migrations ALTER COLUMN id SET DEFAULT nextval('public.django_migrations_id_seq'::regclass);


--
-- Name: listings_listing id; Type: DEFAULT; Schema: public; Owner: -
--

ALTER TABLE ONLY public.listings_listing ALTER COLUMN id SET DEFAULT nextval('public.listings_listing_id_seq'::regclass);


--
-- Name: realtors_realtor id; Type: DEFAULT; Schema: public; Owner: -
--

ALTER TABLE ONLY public.realtors_realtor ALTER COLUMN id SET DEFAULT nextval('public.realtors_realtor_id_seq'::regclass);


--
-- Data for Name: auth_group; Type: TABLE DATA; Schema: public; Owner: -
--

COPY public.auth_group (id, name) FROM stdin;
\.


--
-- Data for Name: auth_group_permissions; Type: TABLE DATA; Schema: public; Owner: -
--

COPY public.auth_group_permissions (id, group_id, permission_id) FROM stdin;
\.


--
-- Data for Name: auth_permission; Type: TABLE DATA; Schema: public; Owner: -
--

COPY public.auth_permission (id, name, content_type_id, codename) FROM stdin;
1	Can add log entry	1	add_logentry
2	Can change log entry	1	change_logentry
3	Can delete log entry	1	delete_logentry
4	Can view log entry	1	view_logentry
5	Can add permission	2	add_permission
6	Can change permission	2	change_permission
7	Can delete permission	2	delete_permission
8	Can view permission	2	view_permission
9	Can add group	3	add_group
10	Can change group	3	change_group
11	Can delete group	3	delete_group
12	Can view group	3	view_group
13	Can add user	4	add_user
14	Can change user	4	change_user
15	Can delete user	4	delete_user
16	Can view user	4	view_user
17	Can add content type	5	add_contenttype
18	Can change content type	5	change_contenttype
19	Can delete content type	5	delete_contenttype
20	Can view content type	5	view_contenttype
21	Can add session	6	add_session
22	Can change session	6	change_session
23	Can delete session	6	delete_session
24	Can view session	6	view_session
25	Can add listing	7	add_listing
26	Can change listing	7	change_listing
27	Can delete listing	7	delete_listing
28	Can view listing	7	view_listing
29	Can add realtor	8	add_realtor
30	Can change realtor	8	change_realtor
31	Can delete realtor	8	delete_realtor
32	Can view realtor	8	view_realtor
33	Can add contact	9	add_contact
34	Can change contact	9	change_contact
35	Can delete contact	9	delete_contact
36	Can view contact	9	view_contact
\.


--
-- Data for Name: auth_user; Type: TABLE DATA; Schema: public; Owner: -
--

COPY public.auth_user (id, password, last_login, is_superuser, username, first_name, last_name, email, is_staff, is_active, date_joined) FROM stdin;
2	pbkdf2_sha256$150000$Jk7d19xRnyhg$FJdlUnLfQk0rRwCGlkm8W6np+rM19CYbdBZcXu19WJ4=	2019-10-29 15:51:22.706281-04	f	testuser	test	user	xilihnx@gmail.com	f	t	2019-10-29 15:41:31.01165-04
1	pbkdf2_sha256$150000$tmeIEMExLjcH$Y0ELuHapp77oyxbWoxcMrvg2P7k3PMMPgj33DAzgDbc=	2019-11-09 14:12:09-05	t	torch	clock	elliptic	allenmichaelhart@gmail.com	t	t	2019-10-19 13:20:26-04
\.


--
-- Data for Name: auth_user_groups; Type: TABLE DATA; Schema: public; Owner: -
--

COPY public.auth_user_groups (id, user_id, group_id) FROM stdin;
\.


--
-- Data for Name: auth_user_user_permissions; Type: TABLE DATA; Schema: public; Owner: -
--

COPY public.auth_user_user_permissions (id, user_id, permission_id) FROM stdin;
\.


--
-- Data for Name: contacts_contact; Type: TABLE DATA; Schema: public; Owner: -
--

COPY public.contacts_contact (id, listing, listing_id, name, email, phone, message, contact_date, user_id) FROM stdin;
5	45 Drivewood Cir	1	clock elliptic	allenmichaelhart@gmail.com	123	Hi	2019-11-09 13:52:00.874098-05	1
\.


--
-- Data for Name: django_admin_log; Type: TABLE DATA; Schema: public; Owner: -
--

COPY public.django_admin_log (id, action_time, object_id, object_repr, action_flag, change_message, content_type_id, user_id) FROM stdin;
1	2019-10-19 13:43:02.083532-04	2	Taia Kepher	1	[{"added": {}}]	8	1
2	2019-10-19 15:13:15.945538-04	3	Kyle	1	[{"added": {}}]	8	1
3	2019-10-19 15:14:01.352861-04	4	Jenny	1	[{"added": {}}]	8	1
4	2019-10-19 15:21:57.189326-04	1	45 Drivewood Cir	1	[{"added": {}}]	7	1
5	2019-10-19 15:24:43.395216-04	3	18 Jefferson Lae	1	[{"added": {}}]	7	1
6	2019-10-19 15:29:07.26261-04	4	187 Woodrow St	1	[{"added": {}}]	7	1
7	2019-10-19 15:30:50.671323-04	5	28 Gifford Street	1	[{"added": {}}]	7	1
8	2019-10-19 15:31:59.943929-04	6	12 United Road	1	[{"added": {}}]	7	1
9	2019-10-19 15:33:26.487563-04	7	33 Essex Circle	1	[{"added": {}}]	7	1
10	2019-10-20 11:49:33.091429-04	7	33 Essex Circle	2	[{"changed": {"fields": ["is_published"]}}]	7	1
11	2019-10-20 11:50:07.196561-04	7	33 Essex Circle	2	[{"changed": {"fields": ["is_published"]}}]	7	1
12	2019-11-09 15:50:35.817674-05	1	torch	2	[{"changed": {"fields": ["first_name", "last_name"]}}]	4	1
13	2019-11-09 18:51:42.755695-05	4	clock elliptic	3		9	1
14	2019-11-09 18:51:42.758737-05	3	clock elliptic	3		9	1
15	2019-11-09 18:51:42.760745-05	2	clock elliptic	3		9	1
16	2019-11-09 18:51:42.763706-05	1	clock elliptic	3		9	1
\.


--
-- Data for Name: django_content_type; Type: TABLE DATA; Schema: public; Owner: -
--

COPY public.django_content_type (id, app_label, model) FROM stdin;
1	admin	logentry
2	auth	permission
3	auth	group
4	auth	user
5	contenttypes	contenttype
6	sessions	session
7	listings	listing
8	realtors	realtor
9	contacts	contact
\.


--
-- Data for Name: django_migrations; Type: TABLE DATA; Schema: public; Owner: -
--

COPY public.django_migrations (id, app, name, applied) FROM stdin;
1	contenttypes	0001_initial	2019-10-19 12:11:46.992348-04
2	auth	0001_initial	2019-10-19 12:11:47.08839-04
3	admin	0001_initial	2019-10-19 12:11:47.243017-04
4	admin	0002_logentry_remove_auto_add	2019-10-19 12:11:47.275756-04
5	admin	0003_logentry_add_action_flag_choices	2019-10-19 12:11:47.289735-04
6	contenttypes	0002_remove_content_type_name	2019-10-19 12:11:47.311687-04
7	auth	0002_alter_permission_name_max_length	2019-10-19 12:11:47.320655-04
8	auth	0003_alter_user_email_max_length	2019-10-19 12:11:47.336615-04
9	auth	0004_alter_user_username_opts	2019-10-19 12:11:47.352583-04
10	auth	0005_alter_user_last_login_null	2019-10-19 12:11:47.369533-04
11	auth	0006_require_contenttypes_0002	2019-10-19 12:11:47.374528-04
12	auth	0007_alter_validators_add_error_messages	2019-10-19 12:11:47.388475-04
13	auth	0008_alter_user_username_max_length	2019-10-19 12:11:47.419405-04
14	auth	0009_alter_user_last_name_max_length	2019-10-19 12:11:47.439335-04
15	auth	0010_alter_group_name_max_length	2019-10-19 12:11:47.457289-04
16	auth	0011_update_proxy_permissions	2019-10-19 12:11:47.473248-04
17	sessions	0001_initial	2019-10-19 12:11:47.495192-04
18	realtors	0001_initial	2019-10-19 13:16:55.815092-04
19	listings	0001_initial	2019-10-19 13:16:55.84844-04
20	listings	0002_auto_20191019_1515	2019-10-19 15:15:31.037756-04
21	realtors	0002_auto_20191019_1515	2019-10-19 15:15:31.047729-04
22	listings	0003_auto_20191019_1517	2019-10-19 15:18:07.494578-04
23	realtors	0003_auto_20191019_1517	2019-10-19 15:18:07.510556-04
24	contacts	0001_initial	2019-11-09 13:58:35.718453-05
\.


--
-- Data for Name: django_session; Type: TABLE DATA; Schema: public; Owner: -
--

COPY public.django_session (session_key, session_data, expire_date) FROM stdin;
q7y1po1ekumvgipau4k89jos8ihtm7fd	OTVmMTRjYmYxOTNlZGViZjhjMDdkZTM4N2FjY2ZlMDMwYzRiY2M5Yjp7Il9hdXRoX3VzZXJfaWQiOiIxIiwiX2F1dGhfdXNlcl9iYWNrZW5kIjoiZGphbmdvLmNvbnRyaWIuYXV0aC5iYWNrZW5kcy5Nb2RlbEJhY2tlbmQiLCJfYXV0aF91c2VyX2hhc2giOiI4MDQzMzYzYTlmNzkxNzk1Mjc1NzM2YmZlZTRhYmMzZGUwM2FmZDk1In0=	2019-11-02 13:20:36.791677-04
au161surdr85y0kie5c9gbb7ugx4avlt	OTVmMTRjYmYxOTNlZGViZjhjMDdkZTM4N2FjY2ZlMDMwYzRiY2M5Yjp7Il9hdXRoX3VzZXJfaWQiOiIxIiwiX2F1dGhfdXNlcl9iYWNrZW5kIjoiZGphbmdvLmNvbnRyaWIuYXV0aC5iYWNrZW5kcy5Nb2RlbEJhY2tlbmQiLCJfYXV0aF91c2VyX2hhc2giOiI4MDQzMzYzYTlmNzkxNzk1Mjc1NzM2YmZlZTRhYmMzZGUwM2FmZDk1In0=	2019-11-23 14:12:09.969815-05
\.


--
-- Data for Name: listings_listing; Type: TABLE DATA; Schema: public; Owner: -
--

COPY public.listings_listing (id, title, address, city, zipcode, description, price, bedrooms, bathrooms, garage, sqft, lot_size, is_published, list_date, photo_main, photo_1, photo_2, photo_3, photo_4, photo_5, photo_6, realtor_id, state) FROM stdin;
1	45 Drivewood Cir	45 Drivewood Cir	Pittsburgh	15237	This large 3 bed / 2 bath craftsman style home is open, airy, bright and cheerful. With over 3200sqft of space, lots of upgrades have been made to the home.\r\n\r\nThe kitchen has premium stainless steel appliances. It has hardwood style flooring downstairs with upgraded newer carpet upstairs. The home is full of designer colored walls with stylish flooring and upgraded lighting and new wood interior blinds which makes for a cozy home. There are 3 large bedrooms and a loft upstairs that can be a family room, den or office (is now being used as a 4th bedroom). The master bedroom is private with an extra large bathroom with large walk in closet plus two storage closets, separate toilet area and a 6 foot soaking tub / shower.\r\n\r\nOversized, two car garage with alley access. The backyard has been beautifully landscaped with a flagstone backyard patio and privacy fence. The front yard has abundant greenscape.\r\n\r\nThe home is situated in the highly coveted area of Northwest Landing DuPont which is an established, tight knit community. It is located in a quiet low traffic area with great neighbors, right next to a trailhead for those nature lovers or joggers. The home is located within walking distance to both Chloe Clark Elementary School and the brand new Pioneer Middle School.\r\n\r\nThis home is just 10 minutes from Fort Lewis and McChord AFB. Intel and State Farm have campuses in DuPont and it is an award winning master planned community that is a very walkable, safe, desirable and neighborhood.	490123	3	2.0	2	3290	2.3	t	2019-10-19	photos/2019/10/19/home-1.jpg	photos/2019/10/19/home-inside-1.jpg	photos/2019/10/19/home-inside-3.jpg	photos/2019/10/19/home-inside-6.jpg				2	PA
3	18 Jefferson Lae	18 Jefferson Lane	Pittsburgh	15202	Looking for the picture perfect house? Situated across from unique Latoria Walk, this wonderful view property is located in the heart of New Westminster. The floor plan features a formal front entry, generous living room with gas fireplace, 4 beds and 2.5 bathrooms on the main. Small dog (under 15 lbs) or cat. This 'as new' home is rich with heritage features, boasting an open contemporary design with all the modern conveniences. Located on a quiet cul de sac and backing onto Annacis Island with trail access only steps away. On the lower level is a desirable nanny or inlaw suite ready to go. Features include contemporary design gas fireplace, large family/entertainment room, full basement with drive in garage & White Cabinetry/Granite counters plus potential for a mortgage helper on the lower level. Great Value!	550800	4	2.5	1	3500	2.2	t	2019-10-19	photos/2019/10/19/home-2_ZpG3AZ8.jpg	photos/2019/10/19/home-inside-5_r2OMPIP.jpg	photos/2019/10/19/home-inside-2_dATomwl.jpg	photos/2019/10/19/home-inside-4_m7ESwc6.jpg				2	PA
4	187 Woodrow St	187 Woodrow St	Pittsburgh	15232	Brand new, modern home with HEAT PUMP!! So well built and with so many select amenities, this home has been designed to take advantage of its beach frontage with decks running the entire length of the house and out over the boathouse. This 4 bed suite offers outstanding views of the city, ocean and mountains. Ideal for first time buyers. Unique zoning for the building allows for legal short term rentals, pets allowed and a great onsite caretaker make this a worry free home. Located in-town, adjacent to the Gorge Waterway, for an eco-friendly walk everywhere lifestyle. This small, well-run complex offers a true sense of community with modern features including in-suite laundry, elevator and balcony. The landscaped gardens Epoxy coated Concrete floors (Radiant in-floor heat), vaulted ceilings showcasing the log construction, hard surface counter-tops and energy efficient front loader washer and gas dryer put this home in a category by itself. No cost have been spared on this home and it totally smart wired	670000	4	2.0	0	3400	1.0	t	2019-10-19	photos/2019/10/19/home-3.jpg	photos/2019/10/19/home-inside-2_JDtmwU2.jpg	photos/2019/10/19/home-inside-6_lim7PYf.jpg					2	PA
5	28 Gifford Street	28 Gifford Street	Pittsburgh	15231	Brand new, modern home with HEAT PUMP!! So well built and with so many select amenities, this home has been designed to take advantage of its beach frontage with decks running the entire length of the house and out over the boathouse. This 4 bed suite offers outstanding views of the city, ocean and mountains. Ideal for first time buyers. Unique zoning for the building allows for legal short term rentals, pets allowed and a great onsite caretaker make this a worry free home. Located in-town, adjacent to the Gorge Waterway, for an eco-friendly walk everywhere lifestyle. This small, well-run complex offers a true sense of community with modern features including in-suite laundry, elevator and balcony. The landscaped gardens Epoxy coated Concrete floors (Radiant in-floor heat), vaulted ceilings showcasing the log construction, hard surface counter-tops and energy efficient front loader washer and gas dryer put this home in a category by itself. No cost have been spared on this home and it totally smart wired	380000	4	2.0	2	2900	1.1	t	2019-10-19	photos/2019/10/19/home-4.jpg	photos/2019/10/19/home-inside-5_QkX82LM.jpg	photos/2019/10/19/home-inside-6_Lx0c86W.jpg					2	PA
6	12 United Road	12 United Road	Bellevue	15232	Brand new, modern home with HEAT PUMP!! So well built and with so many select amenities, this home has been designed to take advantage of its beach frontage with decks running the entire length of the house and out over the boathouse. This 3 bed suite offers outstanding views of the city, ocean and mountains. Ideal for first time buyers. Unique zoning for the building allows for legal short term rentals, pets allowed and a great onsite caretaker make this a worry free home. Located in-town, adjacent to the Gorge Waterway, for an eco-friendly walk everywhere lifestyle. This small, well-run complex offers a true sense of community with modern features including in-suite laundry, elevator and balcony. The landscaped gardens Epoxy coated Concrete floors (Radiant in-floor heat), vaulted ceilings showcasing the log construction, hard surface counter-tops and energy efficient front loader washer and gas dryer put this home in a category by itself. No cost have been spared on this home and it totally smart wired	330000	3	1.5	1	1980	2.1	t	2019-10-19	photos/2019/10/19/home-5.jpg		photos/2019/10/19/home-inside-4_Fr907tw.jpg					3	PA
7	33 Essex Circle	33 Essex Circle	Sewickley	15232	Brand new, modern home with HEAT PUMP!! So well built and with so many select amenities, this home has been designed to take advantage of its beach frontage with decks running the entire length of the house and out over the boathouse. This 5 bed suite offers outstanding views of the city, ocean and mountains. Ideal for first time buyers. Unique zoning for the building allows for legal short term rentals, pets allowed and a great onsite caretaker make this a worry free home. Located in-town, adjacent to the Gorge Waterway, for an eco-friendly walk everywhere lifestyle. This small, well-run complex offers a true sense of community with modern features including in-suite laundry, elevator and balcony. The landscaped gardens Epoxy coated Concrete floors (Radiant in-floor heat), vaulted ceilings showcasing the log construction, hard surface counter-tops and energy efficient front loader washer and gas dryer put this home in a category by itself. No cost have been spared on this home and it totally smart wired	780000	5	3.5	1	4600	4.0	t	2019-10-19	photos/2019/10/19/home-6.jpg	photos/2019/10/19/home-inside-1_WpfsNum.jpg	photos/2019/10/19/home-inside-2_pNlLmB7.jpg	photos/2019/10/19/home-inside-3_5KFMetp.jpg	photos/2019/10/19/home-inside-4_CUyPR88.jpg	photos/2019/10/19/home-inside-5_zHvQsQa.jpg	photos/2019/10/19/home-inside-6_TTWJZXT.jpg	4	PA
\.


--
-- Data for Name: realtors_realtor; Type: TABLE DATA; Schema: public; Owner: -
--

COPY public.realtors_realtor (id, name, photo, description, phone, email, is_mvp, hire_date) FROM stdin;
2	Taia Kepher	photos/2019/10/19/taia_NFfGPa9.jpg	Another world cosmic fugue gathered by gravity hundreds of thousands prime number tendrils of gossamer clouds? Orion's sword how far away star stuff harvesting star light descended from astronomers network of wormholes made in the interiors of collapsing stars. From which we spring bits of moving fluff paroxysm of global death bits of moving fluff realm of the galaxies courage of our questions? Vanquish the impossible two ghostly white figures in coveralls and helmets are soflty dancing concept of the number one a mote of dust suspended in a sunbeam descended from astronomers vastness is bearable only through love and billions upon billions upon billions upon billions upon billions upon billions upon billions.	(412) 758-9988	taiakheper@gmail.com	t	2019-10-19 13:42:53-04
3	Kyle	photos/2019/10/19/kyle.jpg	On the 8th of January Utterson had dined at the doctor’s with a small party; Lanyon had been there; and the face of the host had looked from one to the other as in the old days when the trio were inseparable friends. On the 12th, and again on the 14th, the door was shut against the lawyer. “The doctor was confined to the house,” Poole said, “and saw no one.” On the 15th, he tried again, and was again refused; and having now been used for the last two months to see his friend almost daily, he found this return of solitude to weigh upon his spirits. The fifth night he had in Guest to dine with him; and the sixth he betook himself to Dr. Lanyon’s.	412-555-1234	Kyle@ourwebsite.com	f	2019-10-02 15:13:13-04
4	Jenny	photos/2019/10/19/jenny.jpg	As soon as he got home, Utterson sat down and wrote to Jekyll, complaining of his exclusion from the house, and asking the cause of this unhappy break with Lanyon; and the next day brought him a long answer, often very pathetically worded, and sometimes darkly mysterious in drift. The quarrel with Lanyon was incurable. “I do not blame our old friend,” Jekyll wrote, “but I share his view that we must never meet. I mean from henceforth to lead a life of extreme seclusion; you must not be surprised, nor must you doubt my friendship, if my door is often shut even to you. You must suffer me to go my own dark way. I have brought on myself a punishment and a danger that I cannot name.	724-111-5432	jenny@ourwebsite.com	f	2019-10-19 15:13:59-04
\.


--
-- Name: auth_group_id_seq; Type: SEQUENCE SET; Schema: public; Owner: -
--

SELECT pg_catalog.setval('public.auth_group_id_seq', 1, false);


--
-- Name: auth_group_permissions_id_seq; Type: SEQUENCE SET; Schema: public; Owner: -
--

SELECT pg_catalog.setval('public.auth_group_permissions_id_seq', 1, false);


--
-- Name: auth_permission_id_seq; Type: SEQUENCE SET; Schema: public; Owner: -
--

SELECT pg_catalog.setval('public.auth_permission_id_seq', 36, true);


--
-- Name: auth_user_groups_id_seq; Type: SEQUENCE SET; Schema: public; Owner: -
--

SELECT pg_catalog.setval('public.auth_user_groups_id_seq', 1, false);


--
-- Name: auth_user_id_seq; Type: SEQUENCE SET; Schema: public; Owner: -
--

SELECT pg_catalog.setval('public.auth_user_id_seq', 2, true);


--
-- Name: auth_user_user_permissions_id_seq; Type: SEQUENCE SET; Schema: public; Owner: -
--

SELECT pg_catalog.setval('public.auth_user_user_permissions_id_seq', 1, false);


--
-- Name: contacts_contact_id_seq; Type: SEQUENCE SET; Schema: public; Owner: -
--

SELECT pg_catalog.setval('public.contacts_contact_id_seq', 5, true);


--
-- Name: django_admin_log_id_seq; Type: SEQUENCE SET; Schema: public; Owner: -
--

SELECT pg_catalog.setval('public.django_admin_log_id_seq', 16, true);


--
-- Name: django_content_type_id_seq; Type: SEQUENCE SET; Schema: public; Owner: -
--

SELECT pg_catalog.setval('public.django_content_type_id_seq', 9, true);


--
-- Name: django_migrations_id_seq; Type: SEQUENCE SET; Schema: public; Owner: -
--

SELECT pg_catalog.setval('public.django_migrations_id_seq', 24, true);


--
-- Name: listings_listing_id_seq; Type: SEQUENCE SET; Schema: public; Owner: -
--

SELECT pg_catalog.setval('public.listings_listing_id_seq', 7, true);


--
-- Name: realtors_realtor_id_seq; Type: SEQUENCE SET; Schema: public; Owner: -
--

SELECT pg_catalog.setval('public.realtors_realtor_id_seq', 4, true);


--
-- Name: auth_group auth_group_name_key; Type: CONSTRAINT; Schema: public; Owner: -
--

ALTER TABLE ONLY public.auth_group
    ADD CONSTRAINT auth_group_name_key UNIQUE (name);


--
-- Name: auth_group_permissions auth_group_permissions_group_id_permission_id_0cd325b0_uniq; Type: CONSTRAINT; Schema: public; Owner: -
--

ALTER TABLE ONLY public.auth_group_permissions
    ADD CONSTRAINT auth_group_permissions_group_id_permission_id_0cd325b0_uniq UNIQUE (group_id, permission_id);


--
-- Name: auth_group_permissions auth_group_permissions_pkey; Type: CONSTRAINT; Schema: public; Owner: -
--

ALTER TABLE ONLY public.auth_group_permissions
    ADD CONSTRAINT auth_group_permissions_pkey PRIMARY KEY (id);


--
-- Name: auth_group auth_group_pkey; Type: CONSTRAINT; Schema: public; Owner: -
--

ALTER TABLE ONLY public.auth_group
    ADD CONSTRAINT auth_group_pkey PRIMARY KEY (id);


--
-- Name: auth_permission auth_permission_content_type_id_codename_01ab375a_uniq; Type: CONSTRAINT; Schema: public; Owner: -
--

ALTER TABLE ONLY public.auth_permission
    ADD CONSTRAINT auth_permission_content_type_id_codename_01ab375a_uniq UNIQUE (content_type_id, codename);


--
-- Name: auth_permission auth_permission_pkey; Type: CONSTRAINT; Schema: public; Owner: -
--

ALTER TABLE ONLY public.auth_permission
    ADD CONSTRAINT auth_permission_pkey PRIMARY KEY (id);


--
-- Name: auth_user_groups auth_user_groups_pkey; Type: CONSTRAINT; Schema: public; Owner: -
--

ALTER TABLE ONLY public.auth_user_groups
    ADD CONSTRAINT auth_user_groups_pkey PRIMARY KEY (id);


--
-- Name: auth_user_groups auth_user_groups_user_id_group_id_94350c0c_uniq; Type: CONSTRAINT; Schema: public; Owner: -
--

ALTER TABLE ONLY public.auth_user_groups
    ADD CONSTRAINT auth_user_groups_user_id_group_id_94350c0c_uniq UNIQUE (user_id, group_id);


--
-- Name: auth_user auth_user_pkey; Type: CONSTRAINT; Schema: public; Owner: -
--

ALTER TABLE ONLY public.auth_user
    ADD CONSTRAINT auth_user_pkey PRIMARY KEY (id);


--
-- Name: auth_user_user_permissions auth_user_user_permissions_pkey; Type: CONSTRAINT; Schema: public; Owner: -
--

ALTER TABLE ONLY public.auth_user_user_permissions
    ADD CONSTRAINT auth_user_user_permissions_pkey PRIMARY KEY (id);


--
-- Name: auth_user_user_permissions auth_user_user_permissions_user_id_permission_id_14a6b632_uniq; Type: CONSTRAINT; Schema: public; Owner: -
--

ALTER TABLE ONLY public.auth_user_user_permissions
    ADD CONSTRAINT auth_user_user_permissions_user_id_permission_id_14a6b632_uniq UNIQUE (user_id, permission_id);


--
-- Name: auth_user auth_user_username_key; Type: CONSTRAINT; Schema: public; Owner: -
--

ALTER TABLE ONLY public.auth_user
    ADD CONSTRAINT auth_user_username_key UNIQUE (username);


--
-- Name: contacts_contact contacts_contact_pkey; Type: CONSTRAINT; Schema: public; Owner: -
--

ALTER TABLE ONLY public.contacts_contact
    ADD CONSTRAINT contacts_contact_pkey PRIMARY KEY (id);


--
-- Name: django_admin_log django_admin_log_pkey; Type: CONSTRAINT; Schema: public; Owner: -
--

ALTER TABLE ONLY public.django_admin_log
    ADD CONSTRAINT django_admin_log_pkey PRIMARY KEY (id);


--
-- Name: django_content_type django_content_type_app_label_model_76bd3d3b_uniq; Type: CONSTRAINT; Schema: public; Owner: -
--

ALTER TABLE ONLY public.django_content_type
    ADD CONSTRAINT django_content_type_app_label_model_76bd3d3b_uniq UNIQUE (app_label, model);


--
-- Name: django_content_type django_content_type_pkey; Type: CONSTRAINT; Schema: public; Owner: -
--

ALTER TABLE ONLY public.django_content_type
    ADD CONSTRAINT django_content_type_pkey PRIMARY KEY (id);


--
-- Name: django_migrations django_migrations_pkey; Type: CONSTRAINT; Schema: public; Owner: -
--

ALTER TABLE ONLY public.django_migrations
    ADD CONSTRAINT django_migrations_pkey PRIMARY KEY (id);


--
-- Name: django_session django_session_pkey; Type: CONSTRAINT; Schema: public; Owner: -
--

ALTER TABLE ONLY public.django_session
    ADD CONSTRAINT django_session_pkey PRIMARY KEY (session_key);


--
-- Name: listings_listing listings_listing_pkey; Type: CONSTRAINT; Schema: public; Owner: -
--

ALTER TABLE ONLY public.listings_listing
    ADD CONSTRAINT listings_listing_pkey PRIMARY KEY (id);


--
-- Name: realtors_realtor realtors_realtor_pkey; Type: CONSTRAINT; Schema: public; Owner: -
--

ALTER TABLE ONLY public.realtors_realtor
    ADD CONSTRAINT realtors_realtor_pkey PRIMARY KEY (id);


--
-- Name: auth_group_name_a6ea08ec_like; Type: INDEX; Schema: public; Owner: -
--

CREATE INDEX auth_group_name_a6ea08ec_like ON public.auth_group USING btree (name varchar_pattern_ops);


--
-- Name: auth_group_permissions_group_id_b120cbf9; Type: INDEX; Schema: public; Owner: -
--

CREATE INDEX auth_group_permissions_group_id_b120cbf9 ON public.auth_group_permissions USING btree (group_id);


--
-- Name: auth_group_permissions_permission_id_84c5c92e; Type: INDEX; Schema: public; Owner: -
--

CREATE INDEX auth_group_permissions_permission_id_84c5c92e ON public.auth_group_permissions USING btree (permission_id);


--
-- Name: auth_permission_content_type_id_2f476e4b; Type: INDEX; Schema: public; Owner: -
--

CREATE INDEX auth_permission_content_type_id_2f476e4b ON public.auth_permission USING btree (content_type_id);


--
-- Name: auth_user_groups_group_id_97559544; Type: INDEX; Schema: public; Owner: -
--

CREATE INDEX auth_user_groups_group_id_97559544 ON public.auth_user_groups USING btree (group_id);


--
-- Name: auth_user_groups_user_id_6a12ed8b; Type: INDEX; Schema: public; Owner: -
--

CREATE INDEX auth_user_groups_user_id_6a12ed8b ON public.auth_user_groups USING btree (user_id);


--
-- Name: auth_user_user_permissions_permission_id_1fbb5f2c; Type: INDEX; Schema: public; Owner: -
--

CREATE INDEX auth_user_user_permissions_permission_id_1fbb5f2c ON public.auth_user_user_permissions USING btree (permission_id);


--
-- Name: auth_user_user_permissions_user_id_a95ead1b; Type: INDEX; Schema: public; Owner: -
--

CREATE INDEX auth_user_user_permissions_user_id_a95ead1b ON public.auth_user_user_permissions USING btree (user_id);


--
-- Name: auth_user_username_6821ab7c_like; Type: INDEX; Schema: public; Owner: -
--

CREATE INDEX auth_user_username_6821ab7c_like ON public.auth_user USING btree (username varchar_pattern_ops);


--
-- Name: django_admin_log_content_type_id_c4bce8eb; Type: INDEX; Schema: public; Owner: -
--

CREATE INDEX django_admin_log_content_type_id_c4bce8eb ON public.django_admin_log USING btree (content_type_id);


--
-- Name: django_admin_log_user_id_c564eba6; Type: INDEX; Schema: public; Owner: -
--

CREATE INDEX django_admin_log_user_id_c564eba6 ON public.django_admin_log USING btree (user_id);


--
-- Name: django_session_expire_date_a5c62663; Type: INDEX; Schema: public; Owner: -
--

CREATE INDEX django_session_expire_date_a5c62663 ON public.django_session USING btree (expire_date);


--
-- Name: django_session_session_key_c0390e0f_like; Type: INDEX; Schema: public; Owner: -
--

CREATE INDEX django_session_session_key_c0390e0f_like ON public.django_session USING btree (session_key varchar_pattern_ops);


--
-- Name: listings_listing_realtor_id_90583529; Type: INDEX; Schema: public; Owner: -
--

CREATE INDEX listings_listing_realtor_id_90583529 ON public.listings_listing USING btree (realtor_id);


--
-- Name: auth_group_permissions auth_group_permissio_permission_id_84c5c92e_fk_auth_perm; Type: FK CONSTRAINT; Schema: public; Owner: -
--

ALTER TABLE ONLY public.auth_group_permissions
    ADD CONSTRAINT auth_group_permissio_permission_id_84c5c92e_fk_auth_perm FOREIGN KEY (permission_id) REFERENCES public.auth_permission(id) DEFERRABLE INITIALLY DEFERRED;


--
-- Name: auth_group_permissions auth_group_permissions_group_id_b120cbf9_fk_auth_group_id; Type: FK CONSTRAINT; Schema: public; Owner: -
--

ALTER TABLE ONLY public.auth_group_permissions
    ADD CONSTRAINT auth_group_permissions_group_id_b120cbf9_fk_auth_group_id FOREIGN KEY (group_id) REFERENCES public.auth_group(id) DEFERRABLE INITIALLY DEFERRED;


--
-- Name: auth_permission auth_permission_content_type_id_2f476e4b_fk_django_co; Type: FK CONSTRAINT; Schema: public; Owner: -
--

ALTER TABLE ONLY public.auth_permission
    ADD CONSTRAINT auth_permission_content_type_id_2f476e4b_fk_django_co FOREIGN KEY (content_type_id) REFERENCES public.django_content_type(id) DEFERRABLE INITIALLY DEFERRED;


--
-- Name: auth_user_groups auth_user_groups_group_id_97559544_fk_auth_group_id; Type: FK CONSTRAINT; Schema: public; Owner: -
--

ALTER TABLE ONLY public.auth_user_groups
    ADD CONSTRAINT auth_user_groups_group_id_97559544_fk_auth_group_id FOREIGN KEY (group_id) REFERENCES public.auth_group(id) DEFERRABLE INITIALLY DEFERRED;


--
-- Name: auth_user_groups auth_user_groups_user_id_6a12ed8b_fk_auth_user_id; Type: FK CONSTRAINT; Schema: public; Owner: -
--

ALTER TABLE ONLY public.auth_user_groups
    ADD CONSTRAINT auth_user_groups_user_id_6a12ed8b_fk_auth_user_id FOREIGN KEY (user_id) REFERENCES public.auth_user(id) DEFERRABLE INITIALLY DEFERRED;


--
-- Name: auth_user_user_permissions auth_user_user_permi_permission_id_1fbb5f2c_fk_auth_perm; Type: FK CONSTRAINT; Schema: public; Owner: -
--

ALTER TABLE ONLY public.auth_user_user_permissions
    ADD CONSTRAINT auth_user_user_permi_permission_id_1fbb5f2c_fk_auth_perm FOREIGN KEY (permission_id) REFERENCES public.auth_permission(id) DEFERRABLE INITIALLY DEFERRED;


--
-- Name: auth_user_user_permissions auth_user_user_permissions_user_id_a95ead1b_fk_auth_user_id; Type: FK CONSTRAINT; Schema: public; Owner: -
--

ALTER TABLE ONLY public.auth_user_user_permissions
    ADD CONSTRAINT auth_user_user_permissions_user_id_a95ead1b_fk_auth_user_id FOREIGN KEY (user_id) REFERENCES public.auth_user(id) DEFERRABLE INITIALLY DEFERRED;


--
-- Name: django_admin_log django_admin_log_content_type_id_c4bce8eb_fk_django_co; Type: FK CONSTRAINT; Schema: public; Owner: -
--

ALTER TABLE ONLY public.django_admin_log
    ADD CONSTRAINT django_admin_log_content_type_id_c4bce8eb_fk_django_co FOREIGN KEY (content_type_id) REFERENCES public.django_content_type(id) DEFERRABLE INITIALLY DEFERRED;


--
-- Name: django_admin_log django_admin_log_user_id_c564eba6_fk_auth_user_id; Type: FK CONSTRAINT; Schema: public; Owner: -
--

ALTER TABLE ONLY public.django_admin_log
    ADD CONSTRAINT django_admin_log_user_id_c564eba6_fk_auth_user_id FOREIGN KEY (user_id) REFERENCES public.auth_user(id) DEFERRABLE INITIALLY DEFERRED;


--
-- Name: listings_listing listings_listing_realtor_id_90583529_fk_realtors_realtor_id; Type: FK CONSTRAINT; Schema: public; Owner: -
--

ALTER TABLE ONLY public.listings_listing
    ADD CONSTRAINT listings_listing_realtor_id_90583529_fk_realtors_realtor_id FOREIGN KEY (realtor_id) REFERENCES public.realtors_realtor(id) DEFERRABLE INITIALLY DEFERRED;


--
-- PostgreSQL database dump complete
--

